"","Train_Error","Test_Error"
"1",0.912371134020619,0.851351351351351
"2",0.909149484536082,0.851351351351351
"3",0.90979381443299,0.852852852852853
"4",0.910438144329897,0.854354354354354
"5",0.911082474226804,0.851351351351351
"6",0.908505154639175,0.851351351351351
"7",0.90979381443299,0.852852852852853
"8",0.908505154639175,0.852852852852853
"9",0.90979381443299,0.851351351351351
"10",0.911726804123711,0.854354354354354
